Network;NetType;ESSID;BSSID;Info;Channel;Cloaked;Encryption;Decrypted;MaxRate;MaxSeenRate;Beacon;LLC;Data;Crypt;Weak;Total;Carrier;Encoding;FirstTime;LastTime;BestQuality;BestSignal;BestNoise;GPSMinLat;GPSMinLon;GPSMinAlt;GPSMinSpd;GPSMaxLat;GPSMaxLon;GPSMaxAlt;GPSMaxSpd;GPSBestLat;GPSBestLon;GPSBestAlt;DataSize;IPType;IP;
1;infrastructure;Boutique 504;3C:B7:4B:17:44:5D;;1;No;WPA2,AES-CCM;No;54.0;0;248;0;0;0;0;0;;;Sat Nov 16 19:31:32 2019;Sat Nov 16 19:50:25 2019;-78;0;0;0.000000;0.000000;0.000000;0.000000;0.000000;0.000000;0.000000;0.000000;0.000000;0.000000;0.000000;0;0;0.0.0.0;
2;infrastructure;;3C:B7:4B:17:44:5E;;1;No;WPA2,AES-CCM;No;54.0;0;239;0;0;0;0;0;;;Sat Nov 16 19:31:32 2019;Sat Nov 16 19:50:25 2019;-78;0;0;0.000000;0.000000;0.000000;0.000000;0.000000;0.000000;0.000000;0.000000;0.000000;0.000000;0.000000;0;0;0.0.0.0;
3;infrastructure;;3C:B7:4B:17:44:62;;1;No;WPA2,WPA,AES-CCM,TKIP;No;54.0;0;249;0;0;0;0;0;;;Sat Nov 16 19:31:32 2019;Sat Nov 16 19:50:25 2019;-79;0;0;0.000000;0.000000;0.000000;0.000000;0.000000;0.000000;0.000000;0.000000;0.000000;0.000000;0.000000;0;0;0.0.0.0;
4;infrastructure;TELUS5292;9C:1E:95:99:E3:32;;3;No;WPA2,AES-CCM;No;54.0;0;8;0;3;0;0;3;;;Sat Nov 16 19:44:04 2019;Sat Nov 16 19:50:23 2019;-81;0;0;0.000000;0.000000;0.000000;0.000000;0.000000;0.000000;0.000000;0.000000;0.000000;0.000000;0.000000;0;0;0.0.0.0;
5;infrastructure;TELUS3783;9C:1E:95:A6:E1:A2;;11;No;WPA2,AES-CCM;No;54.0;0;182;0;18;0;0;18;;;Sat Nov 16 19:31:25 2019;Sat Nov 16 19:50:22 2019;-82;0;0;0.000000;0.000000;0.000000;0.000000;0.000000;0.000000;0.000000;0.000000;0.000000;0.000000;0.000000;0;0;0.0.0.0;
6;infrastructure;CGN-16C0;0C:47:3D:B5:16:C8;;9;No;WPA2,AES-CCM,TKIP;No;54.0;0;24;0;0;0;0;0;;;Sat Nov 16 19:31:55 2019;Sat Nov 16 19:50:23 2019;-82;0;0;0.000000;0.000000;0.000000;0.000000;0.000000;0.000000;0.000000;0.000000;0.000000;0.000000;0.000000;0;0;0.0.0.0;
7;infrastructure;SHAW-1B60C0;AC:20:2E:1B:60:C8;;6;No;WPA2,AES-CCM;No;54.0;0;38;0;0;0;0;0;;;Sat Nov 16 19:33:39 2019;Sat Nov 16 19:50:24 2019;-84;0;0;0.000000;0.000000;0.000000;0.000000;0.000000;0.000000;0.000000;0.000000;0.000000;0.000000;0.000000;0;0;0.0.0.0;
8;infrastructure;RSS-B516C0;0C:47:3D:B5:16:C9;;9;No;WPA2,AES-CCM;No;54.0;0;5;0;0;0;0;0;;;Sat Nov 16 19:33:34 2019;Sat Nov 16 19:50:23 2019;-84;0;0;0.000000;0.000000;0.000000;0.000000;0.000000;0.000000;0.000000;0.000000;0.000000;0.000000;0.000000;0;0;0.0.0.0;
9;infrastructure;Aintnobodygotwififorthat;FC:2B:B2:B6:71:22;;11;No;WPA2,AES-CCM;No;54.0;0;213;0;12;0;0;12;;;Sat Nov 16 19:31:27 2019;Sat Nov 16 19:50:27 2019;-85;0;0;0.000000;0.000000;0.000000;0.000000;0.000000;0.000000;0.000000;0.000000;0.000000;0.000000;0.000000;0;0;0.0.0.0;
10;infrastructure;SHAW-EE9DE0;00:FC:8D:EE:9D:E8;;6;No;WPA2,AES-CCM,TKIP;No;54.0;0;8;0;1;0;0;1;;;Sat Nov 16 19:46:06 2019;Sat Nov 16 19:50:24 2019;-85;0;0;0.000000;0.000000;0.000000;0.000000;0.000000;0.000000;0.000000;0.000000;0.000000;0.000000;0.000000;0;0;0.0.0.0;
11;infrastructure;;3C:B7:4B:17:76:45;;1;No;WPA2,AES-CCM;No;54.0;0;42;0;0;0;0;0;;;Sat Nov 16 19:32:16 2019;Sat Nov 16 19:50:10 2019;-76;0;0;0.000000;0.000000;0.000000;0.000000;0.000000;0.000000;0.000000;0.000000;0.000000;0.000000;0.000000;0;0;0.0.0.0;
12;infrastructure;Bitasinternet;3C:B7:4B:17:76:44;;1;No;WPA2,AES-CCM;No;54.0;0;42;0;0;0;0;0;;;Sat Nov 16 19:31:57 2019;Sat Nov 16 19:50:14 2019;-79;0;0;0.000000;0.000000;0.000000;0.000000;0.000000;0.000000;0.000000;0.000000;0.000000;0.000000;0.000000;0;0;0.0.0.0;
13;infrastructure;TELUS1225;9C:1E:95:38:DF:A2;;11;No;WPA2,AES-CCM;No;54.0;0;3;0;2;0;0;2;;;Sat Nov 16 19:46:14 2019;Sat Nov 16 19:50:10 2019;-84;0;0;0.000000;0.000000;0.000000;0.000000;0.000000;0.000000;0.000000;0.000000;0.000000;0.000000;0.000000;0;0;0.0.0.0;
14;infrastructure;CHAN2.4;70:62:B8:70:F0:06;;1;No;WPA2,AES-CCM;No;54.0;0;6;0;9;0;0;9;;;Sat Nov 16 19:44:24 2019;Sat Nov 16 19:50:03 2019;-78;0;0;0.000000;0.000000;0.000000;0.000000;0.000000;0.000000;0.000000;0.000000;0.000000;0.000000;0.000000;0;0;0.0.0.0;
15;infrastructure;;44:1C:12:37:78:5E;;1;No;WPA2,AES-CCM;No;54.0;0;36;0;0;0;0;0;;;Sat Nov 16 19:31:50 2019;Sat Nov 16 19:50:03 2019;-81;0;0;0.000000;0.000000;0.000000;0.000000;0.000000;0.000000;0.000000;0.000000;0.000000;0.000000;0.000000;0;0;0.0.0.0;
16;infrastructure;;BC:9B:68:46:3A:57;;6;No;WPA2,AES-CCM;No;54.0;0;31;0;0;0;0;0;;;Sat Nov 16 19:31:31 2019;Sat Nov 16 19:50:03 2019;-81;0;0;0.000000;0.000000;0.000000;0.000000;0.000000;0.000000;0.000000;0.000000;0.000000;0.000000;0.000000;0;0;0.0.0.0;
17;infrastructure;;BC:9B:68:46:3A:5B;;6;No;WPA2,WPA,AES-CCM,TKIP;No;54.0;0;28;0;0;0;0;0;;;Sat Nov 16 19:31:42 2019;Sat Nov 16 19:50:03 2019;-83;0;0;0.000000;0.000000;0.000000;0.000000;0.000000;0.000000;0.000000;0.000000;0.000000;0.000000;0.000000;0;0;0.0.0.0;
18;infrastructure;SHAW-846E8E;DC:FE:07:82:44:38;;1;No;WPA2,WPA,AES-CCM,TKIP;No;54.0;0;26;0;0;0;0;0;;;Sat Nov 16 19:34:49 2019;Sat Nov 16 19:50:03 2019;-84;0;0;0.000000;0.000000;0.000000;0.000000;0.000000;0.000000;0.000000;0.000000;0.000000;0.000000;0.000000;0;0;0.0.0.0;
19;infrastructure;SHAW-4ECA60;A8:4E:3F:4E:CA:68;;11;No;WPA2,AES-CCM;No;54.0;0;5;0;0;0;0;0;;;Sat Nov 16 19:44:54 2019;Sat Nov 16 19:49:58 2019;-84;0;0;0.000000;0.000000;0.000000;0.000000;0.000000;0.000000;0.000000;0.000000;0.000000;0.000000;0.000000;0;0;0.0.0.0;
20;infrastructure;SHAW-ARKHAM;64:77:7D:9C:CF:88;;11;No;WPA2,AES-CCM;No;54.0;0;26;0;0;0;0;0;;;Sat Nov 16 19:31:25 2019;Sat Nov 16 19:50:02 2019;-85;0;0;0.000000;0.000000;0.000000;0.000000;0.000000;0.000000;0.000000;0.000000;0.000000;0.000000;0.000000;0;0;0.0.0.0;
21;infrastructure;TELUS2119-2.4G;70:F1:96:58:2D:A2;;6;No;WPA2,AES-CCM;No;54.0;0;4;0;5;0;0;5;;;Sat Nov 16 19:31:49 2019;Sat Nov 16 19:49:59 2019;-88;0;0;0.000000;0.000000;0.000000;0.000000;0.000000;0.000000;0.000000;0.000000;0.000000;0.000000;0.000000;0;0;0.0.0.0;
22;infrastructure;NETGEAR19;A0:40:A0:98:7C:7B;;2;No;WPA2,AES-CCM;No;54.0;0;99;0;1;0;0;1;;;Sat Nov 16 19:31:48 2019;Sat Nov 16 19:49:49 2019;-80;0;0;0.000000;0.000000;0.000000;0.000000;0.000000;0.000000;0.000000;0.000000;0.000000;0.000000;0.000000;0;0;0.0.0.0;
23;infrastructure;TELUS3939;9C:1E:95:35:AB:42;;11;No;WPA2,AES-CCM;No;54.0;0;3;0;9;0;0;9;;;Sat Nov 16 19:36:52 2019;Sat Nov 16 19:49:49 2019;-85;0;0;0.000000;0.000000;0.000000;0.000000;0.000000;0.000000;0.000000;0.000000;0.000000;0.000000;0.000000;0;0;0.0.0.0;
24;infrastructure;Yosemite Sam;00:71:C2:70:22:38;;1;No;WPA2,WPA,AES-CCM,TKIP;No;54.0;0;3;0;0;0;0;0;;;Sat Nov 16 19:43:30 2019;Sat Nov 16 19:49:34 2019;-86;0;0;0.000000;0.000000;0.000000;0.000000;0.000000;0.000000;0.000000;0.000000;0.000000;0.000000;0.000000;0;0;0.0.0.0;
25;infrastructure;SimpleSimple_Internal;78:32:1B:45:7F:E6;;8;No;WPA2,AES-CCM,TKIP;No;54.0;0;7;0;1;0;0;1;;;Sat Nov 16 19:46:55 2019;Sat Nov 16 19:49:10 2019;-81;0;0;0.000000;0.000000;0.000000;0.000000;0.000000;0.000000;0.000000;0.000000;0.000000;0.000000;0.000000;0;0;0.0.0.0;
26;infrastructure;ShawMobileHotspot;64:77:7D:9C:CF:89;;11;No;WPA2,AES-CCM;No;54.0;0;14;0;0;0;0;0;;;Sat Nov 16 19:31:54 2019;Sat Nov 16 19:49:00 2019;-84;0;0;0.000000;0.000000;0.000000;0.000000;0.000000;0.000000;0.000000;0.000000;0.000000;0.000000;0.000000;0;0;0.0.0.0;
27;infrastructure;TELUS4958;9C:1E:95:71:35:D2;;6;No;WPA2,AES-CCM;No;54.0;0;1;0;1;0;0;1;;;Sat Nov 16 19:32:48 2019;Sat Nov 16 19:49:01 2019;-85;0;0;0.000000;0.000000;0.000000;0.000000;0.000000;0.000000;0.000000;0.000000;0.000000;0.000000;0.000000;0;0;0.0.0.0;
28;infrastructure;Pattycake;90:50:CA:45:CD:88;;6;No;WPA2,AES-CCM,TKIP;No;54.0;0;2;0;0;0;0;0;;;Sat Nov 16 19:41:51 2019;Sat Nov 16 19:48:46 2019;-87;0;0;0.000000;0.000000;0.000000;0.000000;0.000000;0.000000;0.000000;0.000000;0.000000;0.000000;0.000000;0;0;0.0.0.0;
29;infrastructure;TELUS4903;9C:1E:95:EE:0C:02;;6;No;WPA2,AES-CCM;No;54.0;0;4;0;0;0;0;0;;;Sat Nov 16 19:32:41 2019;Sat Nov 16 19:48:50 2019;-87;0;0;0.000000;0.000000;0.000000;0.000000;0.000000;0.000000;0.000000;0.000000;0.000000;0.000000;0.000000;0;0;0.0.0.0;
30;infrastructure;welcometo603;10:78:5B:F6:A0:82;;11;No;WPA2,AES-CCM;No;54.0;0;9;0;0;0;0;0;;;Sat Nov 16 19:43:40 2019;Sat Nov 16 19:48:49 2019;-88;0;0;0.000000;0.000000;0.000000;0.000000;0.000000;0.000000;0.000000;0.000000;0.000000;0.000000;0.000000;0;0;0.0.0.0;
31;infrastructure;GroundLife;9C:1E:95:AE:AD:82;;11;No;WPA2,AES-CCM;No;54.0;0;11;0;0;0;0;0;;;Sat Nov 16 19:46:52 2019;Sat Nov 16 19:47:48 2019;-84;0;0;0.000000;0.000000;0.000000;0.000000;0.000000;0.000000;0.000000;0.000000;0.000000;0.000000;0.000000;0;0;0.0.0.0;
32;infrastructure;CIA.2.4;18:D6:C7:FA:36:89;;1;No;WPA2,WPA,AES-CCM;No;54.0;0;17;0;0;0;0;0;;;Sat Nov 16 19:35:54 2019;Sat Nov 16 19:47:23 2019;-84;0;0;0.000000;0.000000;0.000000;0.000000;0.000000;0.000000;0.000000;0.000000;0.000000;0.000000;0.000000;0;0;0.0.0.0;
33;infrastructure;TELUS4919;9C:1E:95:FF:8A:42;;11;No;WPA2,AES-CCM;No;54.0;0;29;0;0;0;0;0;;;Sat Nov 16 19:31:26 2019;Sat Nov 16 19:47:10 2019;-87;0;0;0.000000;0.000000;0.000000;0.000000;0.000000;0.000000;0.000000;0.000000;0.000000;0.000000;0.000000;0;0;0.0.0.0;
34;infrastructure;SHAW-3758E0;90:50:CA:37:58:E8;;6;No;WPA2,AES-CCM,TKIP;No;54.0;0;4;0;0;0;0;0;;;Sat Nov 16 19:34:26 2019;Sat Nov 16 19:46:50 2019;-88;0;0;0.000000;0.000000;0.000000;0.000000;0.000000;0.000000;0.000000;0.000000;0.000000;0.000000;0.000000;0;0;0.0.0.0;
35;infrastructure;TELUS5081;9C:1E:95:AB:7F:02;;11;No;WPA2,AES-CCM;No;54.0;0;27;0;2;0;0;2;;;Sat Nov 16 19:31:25 2019;Sat Nov 16 19:46:35 2019;-82;0;0;0.000000;0.000000;0.000000;0.000000;0.000000;0.000000;0.000000;0.000000;0.000000;0.000000;0.000000;0;0;0.0.0.0;
36;infrastructure;TELUS0199;9C:1E:95:22:B1:E2;;11;No;WPA2,AES-CCM;No;54.0;0;357;0;22;0;0;22;;;Sat Nov 16 19:34:52 2019;Sat Nov 16 19:46:35 2019;-82;0;0;0.000000;0.000000;0.000000;0.000000;0.000000;0.000000;0.000000;0.000000;0.000000;0.000000;0.000000;0;0;0.0.0.0;
37;infrastructure;Recovery27;10:78:5B:F5:22:62;;9;No;WPA2,AES-CCM;No;54.0;0;29;0;0;0;0;0;;;Sat Nov 16 19:35:12 2019;Sat Nov 16 19:46:34 2019;-83;0;0;0.000000;0.000000;0.000000;0.000000;0.000000;0.000000;0.000000;0.000000;0.000000;0.000000;0.000000;0;0;0.0.0.0;
38;infrastructure;TELUS2546;10:78:5B:F4:41:92;;11;No;WPA2,AES-CCM;No;54.0;0;64;0;39;0;0;39;;;Sat Nov 16 19:35:07 2019;Sat Nov 16 19:46:36 2019;-84;0;0;0.000000;0.000000;0.000000;0.000000;0.000000;0.000000;0.000000;0.000000;0.000000;0.000000;0.000000;0;0;0.0.0.0;
39;infrastructure;Gateway 2.4GHz;50:C7:BF:1A:43:63;;3;No;WPA2,AES-CCM;No;54.0;0;87;0;8;0;0;8;;;Sat Nov 16 19:31:32 2019;Sat Nov 16 19:50:48 2019;-79;0;0;0.000000;0.000000;0.000000;0.000000;0.000000;0.000000;0.000000;0.000000;0.000000;0.000000;0.000000;0;0;0.0.0.0;
40;infrastructure;branderg;90:58:51:C2:5B:79;;6;No;WPA2,AES-CCM;No;54.0;0;15;0;0;0;0;0;;;Sat Nov 16 19:33:02 2019;Sat Nov 16 19:45:51 2019;-82;0;0;0.000000;0.000000;0.000000;0.000000;0.000000;0.000000;0.000000;0.000000;0.000000;0.000000;0.000000;0;0;0.0.0.0;
41;infrastructure;PRAHAR;F8:1D:0F:6D:DE:78;;5;No;WPA2,AES-CCM,TKIP;No;54.0;0;3;0;0;0;0;0;;;Sat Nov 16 19:36:29 2019;Sat Nov 16 19:45:25 2019;-86;0;0;0.000000;0.000000;0.000000;0.000000;0.000000;0.000000;0.000000;0.000000;0.000000;0.000000;0.000000;0;0;0.0.0.0;
42;infrastructure;SHAW-447110;90:50:CA:44:71:18;;6;No;WPA2,AES-CCM,TKIP;No;54.0;0;3;0;0;0;0;0;;;Sat Nov 16 19:42:05 2019;Sat Nov 16 19:44:46 2019;-88;0;0;0.000000;0.000000;0.000000;0.000000;0.000000;0.000000;0.000000;0.000000;0.000000;0.000000;0.000000;0;0;0.0.0.0;
43;infrastructure;TELUS2129;9C:1E:95:BE:B4:52;;11;No;WPA2,AES-CCM;No;54.0;0;4;0;0;0;0;0;;;Sat Nov 16 19:32:07 2019;Sat Nov 16 19:44:01 2019;-83;0;0;0.000000;0.000000;0.000000;0.000000;0.000000;0.000000;0.000000;0.000000;0.000000;0.000000;0.000000;0;0;0.0.0.0;
44;infrastructure;OrangeNet;50:C7:BF:41:C4:D7;;6;No;WPA2,AES-CCM;No;54.0;0;6;0;4;0;0;4;;;Sat Nov 16 19:36:04 2019;Sat Nov 16 19:43:58 2019;-85;0;0;0.000000;0.000000;0.000000;0.000000;0.000000;0.000000;0.000000;0.000000;0.000000;0.000000;0.000000;0;0;0.0.0.0;
45;infrastructure;TELUS5317;FC:2B:B2:B8:18:A2;;11;No;WPA2,AES-CCM;No;54.0;0;55;0;2;0;0;2;;;Sat Nov 16 19:34:53 2019;Sat Nov 16 19:44:01 2019;-86;0;0;0.000000;0.000000;0.000000;0.000000;0.000000;0.000000;0.000000;0.000000;0.000000;0.000000;0.000000;0;0;0.0.0.0;
46;infrastructure;LarrysPlace-2g;10:78:5B:C9:B6:62;;11;No;WPA2,AES-CCM;No;54.0;0;12;0;8;0;0;8;;;Sat Nov 16 19:36:14 2019;Sat Nov 16 19:43:37 2019;-84;0;0;0.000000;0.000000;0.000000;0.000000;0.000000;0.000000;0.000000;0.000000;0.000000;0.000000;0.000000;0;0;0.0.0.0;
47;infrastructure;TheDingoDen;D0:17:C2:D6:4A:B8;;8;No;WPA2,AES-CCM;No;54.0;0;3;0;0;0;0;0;;;Sat Nov 16 19:39:49 2019;Sat Nov 16 19:40:25 2019;-86;0;0;0.000000;0.000000;0.000000;0.000000;0.000000;0.000000;0.000000;0.000000;0.000000;0.000000;0.000000;0;0;0.0.0.0;
48;infrastructure;SHAW-66188E;C0:7C:D1:74:0C:38;;1;No;WPA2,WPA,AES-CCM,TKIP;No;54.0;0;3;0;0;0;0;0;;;Sat Nov 16 19:35:29 2019;Sat Nov 16 19:38:34 2019;-84;0;0;0.000000;0.000000;0.000000;0.000000;0.000000;0.000000;0.000000;0.000000;0.000000;0.000000;0.000000;0;0;0.0.0.0;
49;infrastructure;SHAW-2E9D8B;74:85:2A:F0:6C:F8;;1;No;WPA2,WPA,AES-CCM,TKIP;No;54.0;0;7;0;0;0;0;0;;;Sat Nov 16 19:36:01 2019;Sat Nov 16 19:37:11 2019;-84;0;0;0.000000;0.000000;0.000000;0.000000;0.000000;0.000000;0.000000;0.000000;0.000000;0.000000;0.000000;0;0;0.0.0.0;
50;infrastructure;;44:1C:12:19:F9:8C;;1;No;WPA2,WPA,AES-CCM,TKIP;No;54.0;0;2;0;0;0;0;0;;;Sat Nov 16 19:32:08 2019;Sat Nov 16 19:34:34 2019;-81;0;0;0.000000;0.000000;0.000000;0.000000;0.000000;0.000000;0.000000;0.000000;0.000000;0.000000;0.000000;0;0;0.0.0.0;
51;infrastructure;;10:78:5B:D4:C1:D2;;6;No;WPA,None;No;-1.0;0;0;0;2;0;0;2;;;Sat Nov 16 19:32:26 2019;Sat Nov 16 19:33:02 2019;-86;0;0;0.000000;0.000000;0.000000;0.000000;0.000000;0.000000;0.000000;0.000000;0.000000;0.000000;0.000000;0;0;0.0.0.0;
52;infrastructure;TELUS2442;4C:8B:30:34:E1:6D;;11;No;WPA2,AES-CCM;No;54.0;0;7;0;3;0;0;3;;;Sat Nov 16 19:31:30 2019;Sat Nov 16 19:34:33 2019;-84;0;0;0.000000;0.000000;0.000000;0.000000;0.000000;0.000000;0.000000;0.000000;0.000000;0.000000;0.000000;0;0;0.0.0.0;
53;infrastructure;TELUS3224;9C:1E:95:C2:41:02;;11;No;WPA2,AES-CCM;No;54.0;0;2;0;0;0;0;0;;;Sat Nov 16 19:32:34 2019;Sat Nov 16 19:34:45 2019;-86;0;0;0.000000;0.000000;0.000000;0.000000;0.000000;0.000000;0.000000;0.000000;0.000000;0.000000;0.000000;0;0;0.0.0.0;
54;infrastructure;Jurassic park;44:1C:12:19:F9:87;;1;No;WPA2,AES-CCM;No;54.0;0;2;0;4;0;0;4;;;Sat Nov 16 19:32:37 2019;Sat Nov 16 19:34:52 2019;-82;0;0;0.000000;0.000000;0.000000;0.000000;0.000000;0.000000;0.000000;0.000000;0.000000;0.000000;0.000000;0;0;0.0.0.0;
55;infrastructure;TELUSWiFi1481;94:6A:B0:07:F3:70;;6;No;WPA2,AES-CCM;No;54.0;0;1;0;0;0;0;0;;;Sat Nov 16 19:33:02 2019;Sat Nov 16 19:36:04 2019;-79;0;0;0.000000;0.000000;0.000000;0.000000;0.000000;0.000000;0.000000;0.000000;0.000000;0.000000;0.000000;0;0;0.0.0.0;
56;infrastructure;TELUS0876;4C:8B:30:28:FD:1D;;1;No;WPA2,AES-CCM;No;54.0;0;2;0;0;0;0;0;;;Sat Nov 16 19:35:43 2019;Sat Nov 16 19:36:45 2019;-85;0;0;0.000000;0.000000;0.000000;0.000000;0.000000;0.000000;0.000000;0.000000;0.000000;0.000000;0.000000;0;0;0.0.0.0;
57;infrastructure;;3C:B7:4B:1A:34:9F;;6;No;WPA2,AES-CCM;No;54.0;0;11;0;0;0;0;0;;;Sat Nov 16 19:31:42 2019;Sat Nov 16 19:38:56 2019;-83;0;0;0.000000;0.000000;0.000000;0.000000;0.000000;0.000000;0.000000;0.000000;0.000000;0.000000;0.000000;0;0;0.0.0.0;
58;infrastructure;TP-LINK_CDCC;D8:0D:17:E8:CD:CB;;6;No;WPA2,AES-CCM;No;54.0;0;2;0;0;0;0;0;;;Sat Nov 16 19:37:54 2019;Sat Nov 16 19:39:21 2019;-86;0;0;0.000000;0.000000;0.000000;0.000000;0.000000;0.000000;0.000000;0.000000;0.000000;0.000000;0.000000;0;0;0.0.0.0;
59;infrastructure;;A0:40:A0:98:7E:60;;5;No;None;No;-1.0;0;0;0;0;0;0;0;;;Sat Nov 16 19:32:00 2019;Sat Nov 16 19:40:28 2019;-1;0;0;0.000000;0.000000;0.000000;0.000000;0.000000;0.000000;0.000000;0.000000;0.000000;0.000000;0.000000;0;0;0.0.0.0;
60;infrastructure;;E0:CB:BC:89:15:3A;;11;No;WPA2,WPA,AES-CCM,TKIP;No;54.0;0;15;0;0;0;0;0;;;Sat Nov 16 19:35:20 2019;Sat Nov 16 19:40:44 2019;-85;0;0;0.000000;0.000000;0.000000;0.000000;0.000000;0.000000;0.000000;0.000000;0.000000;0.000000;0.000000;0;0;0.0.0.0;
61;infrastructure;;3C:B7:4B:1A:34:A1;;6;No;WPA2,WPA,AES-CCM,TKIP;No;54.0;0;3;0;0;0;0;0;;;Sat Nov 16 19:33:02 2019;Sat Nov 16 19:40:42 2019;-84;0;0;0.000000;0.000000;0.000000;0.000000;0.000000;0.000000;0.000000;0.000000;0.000000;0.000000;0.000000;0;0;0.0.0.0;
62;infrastructure;SHAW-E838C0;A8:4E:3F:E8:38:C8;;1;No;WPA2,AES-CCM;No;54.0;0;1;0;0;0;0;0;;;Sat Nov 16 19:40:39 2019;Sat Nov 16 19:41:08 2019;-83;0;0;0.000000;0.000000;0.000000;0.000000;0.000000;0.000000;0.000000;0.000000;0.000000;0.000000;0.000000;0;0;0.0.0.0;
63;infrastructure;TELUS3790;9C:1E:95:F6:D1:12;;6;No;WPA2,AES-CCM;No;54.0;0;11;0;7;0;0;7;;;Sat Nov 16 19:34:52 2019;Sat Nov 16 19:43:33 2019;-87;0;0;0.000000;0.000000;0.000000;0.000000;0.000000;0.000000;0.000000;0.000000;0.000000;0.000000;0.000000;0;0;0.0.0.0;
64;infrastructure;SHAW-546ED0;90:50:CA:54:6E:D8;;6;No;WPA2,AES-CCM,TKIP;No;54.0;0;14;0;0;0;0;0;;;Sat Nov 16 19:35:14 2019;Sat Nov 16 19:43:33 2019;-83;0;0;0.000000;0.000000;0.000000;0.000000;0.000000;0.000000;0.000000;0.000000;0.000000;0.000000;0.000000;0;0;0.0.0.0;
65;infrastructure;TELUS0313;70:F1:96:8C:9B:22;;11;No;WPA2,AES-CCM;No;54.0;0;3;0;0;0;0;0;;;Sat Nov 16 19:35:37 2019;Sat Nov 16 19:43:40 2019;-89;0;0;0.000000;0.000000;0.000000;0.000000;0.000000;0.000000;0.000000;0.000000;0.000000;0.000000;0.000000;0;0;0.0.0.0;
66;infrastructure;JoJoJb3;14:DD:A9:19:DF:28;;6;No;WPA2,WPA,AES-CCM,TKIP;No;54.0;0;2;0;0;0;0;0;;;Sat Nov 16 19:43:11 2019;Sat Nov 16 19:43:44 2019;-86;0;0;0.000000;0.000000;0.000000;0.000000;0.000000;0.000000;0.000000;0.000000;0.000000;0.000000;0.000000;0;0;0.0.0.0;
67;infrastructure;Arga-nagennif-2.4Ghz;9C:3D:CF:05:1E:80;;2;No;WPA2,AES-CCM;No;54.0;0;3;0;2;0;0;2;;;Sat Nov 16 19:39:59 2019;Sat Nov 16 19:43:56 2019;-86;0;0;0.000000;0.000000;0.000000;0.000000;0.000000;0.000000;0.000000;0.000000;0.000000;0.000000;0.000000;0;0;0.0.0.0;
68;infrastructure;SFI-10;C0:EA:E4:B9:41:3C;;8;No;WPA2,WPA,AES-CCM,TKIP;No;54.0;0;2;0;0;0;0;0;;;Sat Nov 16 19:44:11 2019;Sat Nov 16 19:44:29 2019;-85;0;0;0.000000;0.000000;0.000000;0.000000;0.000000;0.000000;0.000000;0.000000;0.000000;0.000000;0.000000;0;0;0.0.0.0;
69;infrastructure;;00:25:00:FF:94:73;;-1;No;None;No;-1.0;0;0;0;0;0;0;0;;;Sat Nov 16 19:32:08 2019;Sat Nov 16 19:44:57 2019;-1;0;0;0.000000;0.000000;0.000000;0.000000;0.000000;0.000000;0.000000;0.000000;0.000000;0.000000;0.000000;0;0;0.0.0.0;
70;infrastructure;SFI-20;C0:EA:E4:B9:41:3D;;8;No;WPA2,WPA,AES-CCM;No;54.0;0;2;0;0;0;0;0;;;Sat Nov 16 19:44:18 2019;Sat Nov 16 19:45:17 2019;-84;0;0;0.000000;0.000000;0.000000;0.000000;0.000000;0.000000;0.000000;0.000000;0.000000;0.000000;0.000000;0;0;0.0.0.0;
71;infrastructure;SHAW-B819C2;2C:56:DC:D6:FC:38;;8;No;WPA2,AES-CCM;No;54.0;0;2;0;0;0;0;0;;;Sat Nov 16 19:37:06 2019;Sat Nov 16 19:45:57 2019;-84;0;0;0.000000;0.000000;0.000000;0.000000;0.000000;0.000000;0.000000;0.000000;0.000000;0.000000;0.000000;0;0;0.0.0.0;
72;infrastructure;BetterThanTheLast;A0:AB:1B:8C:FC:F8;;1;No;WPA2,AES-CCM,TKIP;No;54.0;0;50;0;0;0;0;0;;;Sat Nov 16 19:31:28 2019;Sat Nov 16 19:50:48 2019;-82;0;0;0.000000;0.000000;0.000000;0.000000;0.000000;0.000000;0.000000;0.000000;0.000000;0.000000;0.000000;0;0;0.0.0.0;
73;infrastructure;;90:58:51:C2:5B:7E;;6;No;WPA2,WPA,AES-CCM,TKIP;No;54.0;0;17;0;0;0;0;0;;;Sat Nov 16 19:32:22 2019;Sat Nov 16 19:45:55 2019;-82;0;0;0.000000;0.000000;0.000000;0.000000;0.000000;0.000000;0.000000;0.000000;0.000000;0.000000;0.000000;0;0;0.0.0.0;
74;infrastructure;;90:58:51:C2:5B:7A;;6;No;WPA2,AES-CCM;No;54.0;0;16;0;0;0;0;0;;;Sat Nov 16 19:32:37 2019;Sat Nov 16 19:45:55 2019;-82;0;0;0.000000;0.000000;0.000000;0.000000;0.000000;0.000000;0.000000;0.000000;0.000000;0.000000;0.000000;0;0;0.0.0.0;
75;infrastructure;;90:58:51:C2:5B:7C;;6;No;WPA2,AES-CCM;No;54.0;0;22;0;0;0;0;0;;;Sat Nov 16 19:44:09 2019;Sat Nov 16 19:45:55 2019;-79;0;0;0.000000;0.000000;0.000000;0.000000;0.000000;0.000000;0.000000;0.000000;0.000000;0.000000;0.000000;0;0;0.0.0.0;
76;infrastructure;Aquino;BC:9B:68:46:3A:56;;6;No;WPA2,AES-CCM;No;54.0;0;4;0;0;0;0;0;;;Sat Nov 16 19:32:26 2019;Sat Nov 16 19:46:06 2019;-82;0;0;0.000000;0.000000;0.000000;0.000000;0.000000;0.000000;0.000000;0.000000;0.000000;0.000000;0.000000;0;0;0.0.0.0;
77;infrastructure;TELUS0840;FC:2B:B2:B5:5C:B2;;6;No;WPA2,AES-CCM;No;54.0;0;3;0;0;0;0;0;;;Sat Nov 16 19:34:55 2019;Sat Nov 16 19:46:28 2019;-84;0;0;0.000000;0.000000;0.000000;0.000000;0.000000;0.000000;0.000000;0.000000;0.000000;0.000000;0.000000;0;0;0.0.0.0;
78;infrastructure;SHAW-AC3C70;1C:AB:C0:AC:3C:78;;6;No;WPA2,AES-CCM,TKIP;No;54.0;0;6;0;0;0;0;0;;;Sat Nov 16 19:40:42 2019;Sat Nov 16 19:46:28 2019;-84;0;0;0.000000;0.000000;0.000000;0.000000;0.000000;0.000000;0.000000;0.000000;0.000000;0.000000;0.000000;0;0;0.0.0.0;
79;infrastructure;TELUS0753;9C:1E:95:10:D5:42;;11;No;WPA2,AES-CCM;No;54.0;0;11;0;2;0;0;2;;;Sat Nov 16 19:35:46 2019;Sat Nov 16 19:46:31 2019;-83;0;0;0.000000;0.000000;0.000000;0.000000;0.000000;0.000000;0.000000;0.000000;0.000000;0.000000;0.000000;0;0;0.0.0.0;
80;infrastructure;TELUS1726;FC:2B:B2:B3:F0:12;;11;No;WPA2,AES-CCM;No;54.0;0;13;0;2;0;0;2;;;Sat Nov 16 19:32:43 2019;Sat Nov 16 19:46:52 2019;-82;0;0;0.000000;0.000000;0.000000;0.000000;0.000000;0.000000;0.000000;0.000000;0.000000;0.000000;0.000000;0;0;0.0.0.0;
81;infrastructure;SHAW-AC76D0;1C:AB:C0:AC:76:D8;;11;No;WPA2,AES-CCM,TKIP;No;54.0;0;74;0;5;0;0;5;;;Sat Nov 16 19:31:24 2019;Sat Nov 16 19:47:19 2019;-83;0;0;0.000000;0.000000;0.000000;0.000000;0.000000;0.000000;0.000000;0.000000;0.000000;0.000000;0.000000;0;0;0.0.0.0;
82;infrastructure;TELUS2824;FC:2B:B2:C5:6A:72;;11;No;WPA2,AES-CCM;No;54.0;0;16;0;16;0;0;16;;;Sat Nov 16 19:31:25 2019;Sat Nov 16 19:47:30 2019;-85;0;0;0.000000;0.000000;0.000000;0.000000;0.000000;0.000000;0.000000;0.000000;0.000000;0.000000;0.000000;0;0;0.0.0.0;
83;infrastructure;SHAW-6589AE;C0:7C:D1:60:79:E8;;1;No;WPA2,WPA,AES-CCM,TKIP;No;54.0;0;4;0;0;0;0;0;;;Sat Nov 16 19:36:41 2019;Sat Nov 16 19:47:56 2019;-83;0;0;0.000000;0.000000;0.000000;0.000000;0.000000;0.000000;0.000000;0.000000;0.000000;0.000000;0.000000;0;0;0.0.0.0;
84;infrastructure;MAT;FC:2B:B2:A0:04:D2;;11;No;WPA2,AES-CCM;No;54.0;0;3;0;4;0;0;4;;;Sat Nov 16 19:31:38 2019;Sat Nov 16 19:48:06 2019;-86;0;0;0.000000;0.000000;0.000000;0.000000;0.000000;0.000000;0.000000;0.000000;0.000000;0.000000;0.000000;0;0;0.0.0.0;
85;infrastructure;SHAW-CA9120;AC:20:2E:CA:91:28;;11;No;WPA2,AES-CCM,TKIP;No;54.0;0;234;0;0;0;0;0;;;Sat Nov 16 19:31:25 2019;Sat Nov 16 19:48:05 2019;-75;0;0;0.000000;0.000000;0.000000;0.000000;0.000000;0.000000;0.000000;0.000000;0.000000;0.000000;0.000000;0;0;0.0.0.0;
86;infrastructure;AFFACA;D4:5D:DF:E7:96:00;;11;No;WPA2,WPA,AES-CCM,TKIP;No;54.0;0;18;0;0;0;0;0;;;Sat Nov 16 19:31:24 2019;Sat Nov 16 19:48:17 2019;-87;0;0;0.000000;0.000000;0.000000;0.000000;0.000000;0.000000;0.000000;0.000000;0.000000;0.000000;0.000000;0;0;0.0.0.0;
87;infrastructure;TOTITO;F0:F2:49:E1:5B:E8;;6;No;WPA2,AES-CCM,TKIP;No;54.0;0;22;0;0;0;0;0;;;Sat Nov 16 19:36:08 2019;Sat Nov 16 19:48:21 2019;-81;0;0;0.000000;0.000000;0.000000;0.000000;0.000000;0.000000;0.000000;0.000000;0.000000;0.000000;0.000000;0;0;0.0.0.0;
88;infrastructure;SHAW-FD3FE9;D0:39:B3:FD:62:2F;;1;No;WPA2,WPA,AES-CCM,TKIP;No;54.0;0;5;0;1;0;0;1;;;Sat Nov 16 19:42:50 2019;Sat Nov 16 19:48:28 2019;-84;0;0;0.000000;0.000000;0.000000;0.000000;0.000000;0.000000;0.000000;0.000000;0.000000;0.000000;0.000000;0;0;0.0.0.0;
89;infrastructure;;BC:9B:68:46:3A:59;;6;No;WPA2,AES-CCM;No;54.0;0;40;0;0;0;0;0;;;Sat Nov 16 19:31:27 2019;Sat Nov 16 19:48:28 2019;-83;0;0;0.000000;0.000000;0.000000;0.000000;0.000000;0.000000;0.000000;0.000000;0.000000;0.000000;0.000000;0;0;0.0.0.0;
90;infrastructure;SHAW-964280;64:77:7D:96:42:88;;11;No;WPA2,AES-CCM,TKIP;No;54.0;0;4;0;0;0;0;0;;;Sat Nov 16 19:31:27 2019;Sat Nov 16 19:48:53 2019;-86;0;0;0.000000;0.000000;0.000000;0.000000;0.000000;0.000000;0.000000;0.000000;0.000000;0.000000;0.000000;0;0;0.0.0.0;
91;infrastructure;DAMIAN;64:A5:C3:67:D8:A0;;6;No;WPA2,AES-CCM;No;54.0;0;4;0;0;0;0;0;;;Sat Nov 16 19:47:15 2019;Sat Nov 16 19:48:57 2019;-85;0;0;0.000000;0.000000;0.000000;0.000000;0.000000;0.000000;0.000000;0.000000;0.000000;0.000000;0.000000;0;0;0.0.0.0;
92;infrastructure;8DACB2;A0:63:91:8D:AC:B2;;1;No;WPA2,WPA,AES-CCM,TKIP;No;54.0;0;5;0;0;0;0;0;;;Sat Nov 16 19:41:11 2019;Sat Nov 16 19:49:30 2019;-86;0;0;0.000000;0.000000;0.000000;0.000000;0.000000;0.000000;0.000000;0.000000;0.000000;0.000000;0.000000;0;0;0.0.0.0;
93;infrastructure;TELUS0813;9C:1E:95:A9:70:42;;11;No;WPA2,AES-CCM;No;54.0;0;1;0;0;0;0;0;;;Sat Nov 16 19:46:53 2019;Sat Nov 16 19:49:32 2019;-85;0;0;0.000000;0.000000;0.000000;0.000000;0.000000;0.000000;0.000000;0.000000;0.000000;0.000000;0.000000;0;0;0.0.0.0;
94;infrastructure;;44:1C:12:37:78:60;;1;No;WPA2,AES-CCM;No;54.0;0;12;0;0;0;0;0;;;Sat Nov 16 19:31:32 2019;Sat Nov 16 19:49:30 2019;-81;0;0;0.000000;0.000000;0.000000;0.000000;0.000000;0.000000;0.000000;0.000000;0.000000;0.000000;0.000000;0;0;0.0.0.0;
95;infrastructure;TELUS2411;9C:1E:95:2B:9E:82;;11;No;WPA2,AES-CCM;No;54.0;0;39;0;6;0;0;6;;;Sat Nov 16 19:32:10 2019;Sat Nov 16 19:49:42 2019;-84;0;0;0.000000;0.000000;0.000000;0.000000;0.000000;0.000000;0.000000;0.000000;0.000000;0.000000;0.000000;0;0;0.0.0.0;
96;infrastructure;RCMP Surveillance Van #233;A8:4E:3F:73:8B:A8;;1;No;WPA2,AES-CCM,TKIP;No;54.0;0;42;0;0;0;0;0;;;Sat Nov 16 19:31:50 2019;Sat Nov 16 19:49:45 2019;-84;0;0;0.000000;0.000000;0.000000;0.000000;0.000000;0.000000;0.000000;0.000000;0.000000;0.000000;0.000000;0;0;0.0.0.0;
97;infrastructure;ShawMobileHotspot;AC:20:2E:1B:60:C9;;6;No;WPA2,AES-CCM;No;54.0;0;28;0;0;0;0;0;;;Sat Nov 16 19:34:48 2019;Sat Nov 16 19:49:44 2019;-82;0;0;0.000000;0.000000;0.000000;0.000000;0.000000;0.000000;0.000000;0.000000;0.000000;0.000000;0.000000;0;0;0.0.0.0;
98;infrastructure;;44:1C:12:37:78:62;;1;No;WPA2,WPA,AES-CCM,TKIP;No;54.0;0;20;0;0;0;0;0;;;Sat Nov 16 19:31:46 2019;Sat Nov 16 19:49:45 2019;-81;0;0;0.000000;0.000000;0.000000;0.000000;0.000000;0.000000;0.000000;0.000000;0.000000;0.000000;0.000000;0;0;0.0.0.0;
99;infrastructure;HYUNandHEE;A8:4E:3F:3E:B8:B8;;6;No;WPA2,AES-CCM,TKIP;No;54.0;0;23;0;37;0;0;37;;;Sat Nov 16 19:35:03 2019;Sat Nov 16 19:49:55 2019;-82;0;0;0.000000;0.000000;0.000000;0.000000;0.000000;0.000000;0.000000;0.000000;0.000000;0.000000;0.000000;0;0;0.0.0.0;
100;infrastructure;A40EF3;A0:63:91:A4:0E:F3;;6;No;WPA2,WPA,AES-CCM,TKIP;No;54.0;0;28;0;0;0;0;0;;;Sat Nov 16 19:31:35 2019;Sat Nov 16 19:49:55 2019;-81;0;0;0.000000;0.000000;0.000000;0.000000;0.000000;0.000000;0.000000;0.000000;0.000000;0.000000;0.000000;0;0;0.0.0.0;
101;infrastructure;SHAW-E18640;F0:F2:49:E1:86:48;;1;No;WPA2,AES-CCM,TKIP;No;54.0;0;102;0;136;0;0;136;;;Sat Nov 16 19:31:25 2019;Sat Nov 16 19:49:56 2019;-78;0;0;0.000000;0.000000;0.000000;0.000000;0.000000;0.000000;0.000000;0.000000;0.000000;0.000000;0.000000;0;0;0.0.0.0;
102;infrastructure;TELUS4821;9C:1E:95:C5:EC:D2;;11;No;WPA2,AES-CCM;No;54.0;0;1;0;0;0;0;0;;;Sat Nov 16 19:49:59 2019;Sat Nov 16 19:50:06 2019;-87;0;0;0.000000;0.000000;0.000000;0.000000;0.000000;0.000000;0.000000;0.000000;0.000000;0.000000;0.000000;0;0;0.0.0.0;
103;infrastructure;ShawMobileHotspot;A8:4E:3F:4E:CA:69;;11;No;WPA2,AES-CCM;No;54.0;0;3;0;0;0;0;0;;;Sat Nov 16 19:49:04 2019;Sat Nov 16 19:50:05 2019;-83;0;0;0.000000;0.000000;0.000000;0.000000;0.000000;0.000000;0.000000;0.000000;0.000000;0.000000;0.000000;0;0;0.0.0.0;
104;infrastructure;TELUS5322;9C:1E:95:C7:8A:62;;11;No;WPA2,AES-CCM;No;54.0;0;17;0;8;0;0;8;;;Sat Nov 16 19:35:22 2019;Sat Nov 16 19:50:21 2019;-87;0;0;0.000000;0.000000;0.000000;0.000000;0.000000;0.000000;0.000000;0.000000;0.000000;0.000000;0.000000;0;0;0.0.0.0;
105;infrastructure;TELUS3845;FC:2B:B2:A4:12:C2;;11;No;WPA2,AES-CCM;No;54.0;0;10;0;2;0;0;2;;;Sat Nov 16 19:46:24 2019;Sat Nov 16 19:50:19 2019;-87;0;0;0.000000;0.000000;0.000000;0.000000;0.000000;0.000000;0.000000;0.000000;0.000000;0.000000;0.000000;0;0;0.0.0.0;
106;infrastructure;SHAW-5BE5E0;90:50:CA:5B:E5:E8;;1;No;WPA2,AES-CCM,TKIP;No;54.0;0;9;0;0;0;0;0;;;Sat Nov 16 19:42:10 2019;Sat Nov 16 19:50:18 2019;-86;0;0;0.000000;0.000000;0.000000;0.000000;0.000000;0.000000;0.000000;0.000000;0.000000;0.000000;0.000000;0;0;0.0.0.0;
107;infrastructure;ShawMobileHotspot;90:50:CA:5B:E5:E9;;1;No;WPA2,AES-CCM;No;54.0;0;7;0;0;0;0;0;;;Sat Nov 16 19:47:12 2019;Sat Nov 16 19:50:18 2019;-86;0;0;0.000000;0.000000;0.000000;0.000000;0.000000;0.000000;0.000000;0.000000;0.000000;0.000000;0.000000;0;0;0.0.0.0;
108;infrastructure;TELUS4193;FC:2B:B2:AA:B2:82;;11;No;WPA2,AES-CCM;No;54.0;0;62;0;4;0;0;4;;;Sat Nov 16 19:31:24 2019;Sat Nov 16 19:50:17 2019;-85;0;0;0.000000;0.000000;0.000000;0.000000;0.000000;0.000000;0.000000;0.000000;0.000000;0.000000;0.000000;0;0;0.0.0.0;
109;infrastructure;ShawMobileHotspot;A8:4E:3F:73:8B:A9;;1;No;WPA2,AES-CCM;No;54.0;0;42;0;0;0;0;0;;;Sat Nov 16 19:31:43 2019;Sat Nov 16 19:50:18 2019;-84;0;0;0.000000;0.000000;0.000000;0.000000;0.000000;0.000000;0.000000;0.000000;0.000000;0.000000;0.000000;0;0;0.0.0.0;
110;infrastructure;SHAW-30CDC8;C0:7C:D1:01:7C:98;;1;No;WPA2,WPA,AES-CCM,TKIP;No;54.0;0;68;0;0;0;0;0;;;Sat Nov 16 19:32:01 2019;Sat Nov 16 19:50:18 2019;-84;0;0;0.000000;0.000000;0.000000;0.000000;0.000000;0.000000;0.000000;0.000000;0.000000;0.000000;0.000000;0;0;0.0.0.0;
111;infrastructure;TELUS1737;FC:2B:B2:A3:8F:02;;6;No;WPA2,AES-CCM;No;54.0;0;80;0;18;0;0;18;;;Sat Nov 16 19:32:00 2019;Sat Nov 16 19:50:17 2019;-84;0;0;0.000000;0.000000;0.000000;0.000000;0.000000;0.000000;0.000000;0.000000;0.000000;0.000000;0.000000;0;0;0.0.0.0;
112;infrastructure;TELUS4243;FC:2B:B2:B7:D5:82;;11;No;WPA2,AES-CCM;No;54.0;0;74;0;22;0;0;22;;;Sat Nov 16 19:31:33 2019;Sat Nov 16 19:50:21 2019;-84;0;0;0.000000;0.000000;0.000000;0.000000;0.000000;0.000000;0.000000;0.000000;0.000000;0.000000;0.000000;0;0;0.0.0.0;
113;infrastructure;TELUS5184;9C:1E:95:9F:18:72;;11;No;WPA2,AES-CCM;No;54.0;0;26;0;31;0;0;31;;;Sat Nov 16 19:35:12 2019;Sat Nov 16 19:50:18 2019;-82;0;0;0.000000;0.000000;0.000000;0.000000;0.000000;0.000000;0.000000;0.000000;0.000000;0.000000;0.000000;0;0;0.0.0.0;
114;infrastructure;;3C:B7:4B:17:76:49;;1;No;WPA2,WPA,AES-CCM,TKIP;No;54.0;0;38;0;0;0;0;0;;;Sat Nov 16 19:31:39 2019;Sat Nov 16 19:50:18 2019;-78;0;0;0.000000;0.000000;0.000000;0.000000;0.000000;0.000000;0.000000;0.000000;0.000000;0.000000;0.000000;0;0;0.0.0.0;
115;infrastructure;;3C:B7:4B:17:44:60;;1;No;WPA2,AES-CCM;No;54.0;0;155;0;0;0;0;0;;;Sat Nov 16 19:31:28 2019;Sat Nov 16 19:50:18 2019;-77;0;0;0.000000;0.000000;0.000000;0.000000;0.000000;0.000000;0.000000;0.000000;0.000000;0.000000;0.000000;0;0;0.0.0.0;
116;infrastructure;;BC:9B:68:0E:01:2F;;1;No;WPA2,AES-CCM;No;54.0;0;98;0;0;0;0;0;;;Sat Nov 16 19:31:32 2019;Sat Nov 16 19:50:21 2019;-76;0;0;0.000000;0.000000;0.000000;0.000000;0.000000;0.000000;0.000000;0.000000;0.000000;0.000000;0.000000;0;0;0.0.0.0;
117;infrastructure;;3C:B7:4B:17:76:47;;1;No;WPA2,AES-CCM;No;54.0;0;12;0;0;0;0;0;;;Sat Nov 16 19:32:41 2019;Sat Nov 16 19:50:18 2019;-75;0;0;0.000000;0.000000;0.000000;0.000000;0.000000;0.000000;0.000000;0.000000;0.000000;0.000000;0.000000;0;0;0.0.0.0;
118;infrastructure;Milo1;BC:9B:68:0E:01:2C;;1;No;WPA2,AES-CCM;No;54.0;0;64;0;0;0;0;0;;;Sat Nov 16 19:31:43 2019;Sat Nov 16 19:50:18 2019;-74;0;0;0.000000;0.000000;0.000000;0.000000;0.000000;0.000000;0.000000;0.000000;0.000000;0.000000;0.000000;0;0;0.0.0.0;
119;infrastructure;ubiquitous-octo-spork;FE:EC:DA:AD:58:5A;;11;No;WPA2,AES-CCM;No;54.0;0;5;0;0;0;0;0;;;Sat Nov 16 19:44:27 2019;Sat Nov 16 19:50:44 2019;-88;0;0;0.000000;0.000000;0.000000;0.000000;0.000000;0.000000;0.000000;0.000000;0.000000;0.000000;0.000000;0;0;0.0.0.0;
120;infrastructure;TP-Link_A8FC;B0:BE:76:37:A8:FC;;3;No;WPA2,AES-CCM;No;54.0;0;6;0;0;0;0;0;;;Sat Nov 16 19:33:08 2019;Sat Nov 16 19:50:33 2019;-88;0;0;0.000000;0.000000;0.000000;0.000000;0.000000;0.000000;0.000000;0.000000;0.000000;0.000000;0.000000;0;0;0.0.0.0;
121;infrastructure;MarilynMerlot-2G;2A:3B:82:55:87:C3;;3;No;WPA2,AES-CCM,TKIP;No;54.0;0;11;0;3;0;0;3;;;Sat Nov 16 19:37:23 2019;Sat Nov 16 19:50:48 2019;-86;0;0;0.000000;0.000000;0.000000;0.000000;0.000000;0.000000;0.000000;0.000000;0.000000;0.000000;0.000000;0;0;0.0.0.0;
122;infrastructure; ;70:6D:15:07:F1:51;;11;No;WPA2,AES-CCM;No;54.0;0;565;0;0;0;0;0;;;Sat Nov 16 19:31:26 2019;Sat Nov 16 19:50:42 2019;-86;0;0;0.000000;0.000000;0.000000;0.000000;0.000000;0.000000;0.000000;0.000000;0.000000;0.000000;0.000000;0;0;0.0.0.0;
123;infrastructure;MerilynAdmin;28:3B:82:45:87:C3;;3;No;WPA2,AES-CCM,TKIP;No;54.0;0;3;0;44;0;0;44;;;Sat Nov 16 19:37:23 2019;Sat Nov 16 19:50:44 2019;-85;0;0;0.000000;0.000000;0.000000;0.000000;0.000000;0.000000;0.000000;0.000000;0.000000;0.000000;0.000000;0;0;0.0.0.0;
124;infrastructure;;3C:B7:4B:1A:34:9D;;6;No;WPA2,AES-CCM;No;54.0;0;5;0;0;0;0;0;;;Sat Nov 16 19:32:00 2019;Sat Nov 16 19:50:32 2019;-85;0;0;0.000000;0.000000;0.000000;0.000000;0.000000;0.000000;0.000000;0.000000;0.000000;0.000000;0.000000;0;0;0.0.0.0;
125;infrastructure;SHAW-7AD7A0;BC:4D:FB:7A:D7:A8;;1;No;WPA2,AES-CCM;No;54.0;0;2;0;0;0;0;0;;;Sat Nov 16 19:50:43 2019;Sat Nov 16 19:50:47 2019;-85;0;0;0.000000;0.000000;0.000000;0.000000;0.000000;0.000000;0.000000;0.000000;0.000000;0.000000;0.000000;0;0;0.0.0.0;
126;infrastructure;SHAW-6F8D40;F8:1D:0F:6F:8D:48;;1;No;WPA2,AES-CCM,TKIP;No;54.0;0;11;0;0;0;0;0;;;Sat Nov 16 19:35:39 2019;Sat Nov 16 19:50:47 2019;-84;0;0;0.000000;0.000000;0.000000;0.000000;0.000000;0.000000;0.000000;0.000000;0.000000;0.000000;0.000000;0;0;0.0.0.0;
127;infrastructure;BROSB4HOES;9C:1E:95:7B:3F:F2;;11;No;WPA2,AES-CCM;No;54.0;0;23;0;20;0;0;20;;;Sat Nov 16 19:32:34 2019;Sat Nov 16 19:50:46 2019;-84;0;0;0.000000;0.000000;0.000000;0.000000;0.000000;0.000000;0.000000;0.000000;0.000000;0.000000;0.000000;0;0;0.0.0.0;
128;infrastructure;TELUS3300;FC:2B:B2:C5:88:32;;11;No;WPA2,AES-CCM;No;54.0;0;20;0;2;0;0;2;;;Sat Nov 16 19:31:26 2019;Sat Nov 16 19:50:39 2019;-84;0;0;0.000000;0.000000;0.000000;0.000000;0.000000;0.000000;0.000000;0.000000;0.000000;0.000000;0.000000;0;0;0.0.0.0;
129;infrastructure;steveswifi2015;14:DD:A9:2C:B7:90;;6;No;WPA2,AES-CCM;No;54.0;0;96;0;0;0;0;0;;;Sat Nov 16 19:31:49 2019;Sat Nov 16 19:50:46 2019;-84;0;0;0.000000;0.000000;0.000000;0.000000;0.000000;0.000000;0.000000;0.000000;0.000000;0.000000;0.000000;0;0;0.0.0.0;
130;infrastructure;SHAW-EA1340;00:71:C2:7D:41:98;;1;No;WPA2,WPA,AES-CCM,TKIP;No;54.0;0;84;0;0;0;0;0;;;Sat Nov 16 19:31:28 2019;Sat Nov 16 19:50:32 2019;-84;0;0;0.000000;0.000000;0.000000;0.000000;0.000000;0.000000;0.000000;0.000000;0.000000;0.000000;0.000000;0;0;0.0.0.0;
131;infrastructure;SHAW-6EC630;F8:1D:0F:6E:C6:38;;8;No;WPA2,AES-CCM,TKIP;No;54.0;0;3;0;30;0;0;30;;;Sat Nov 16 19:31:25 2019;Sat Nov 16 19:50:37 2019;-84;0;0;0.000000;0.000000;0.000000;0.000000;0.000000;0.000000;0.000000;0.000000;0.000000;0.000000;0.000000;0;0;0.0.0.0;
132;infrastructure;SHAW-874A30;F0:F2:49:87:4A:38;;6;No;WPA2,AES-CCM,TKIP;No;54.0;0;23;0;0;0;0;0;;;Sat Nov 16 19:35:39 2019;Sat Nov 16 19:50:43 2019;-84;0;0;0.000000;0.000000;0.000000;0.000000;0.000000;0.000000;0.000000;0.000000;0.000000;0.000000;0.000000;0;0;0.0.0.0;
133;infrastructure;TELUS3703;10:78:5B:FF:20:22;;11;No;WPA2,AES-CCM;No;54.0;0;34;0;0;0;0;0;;;Sat Nov 16 19:36:27 2019;Sat Nov 16 19:50:43 2019;-84;0;0;0.000000;0.000000;0.000000;0.000000;0.000000;0.000000;0.000000;0.000000;0.000000;0.000000;0.000000;0;0;0.0.0.0;
134;infrastructure;SHAW-A6A780;64:77:7D:A6:A7:88;;6;No;WPA2,AES-CCM;No;54.0;0;14;0;0;0;0;0;;;Sat Nov 16 19:31:42 2019;Sat Nov 16 19:50:39 2019;-84;0;0;0.000000;0.000000;0.000000;0.000000;0.000000;0.000000;0.000000;0.000000;0.000000;0.000000;0.000000;0;0;0.0.0.0;
135;infrastructure; ;70:6D:15:07:F1:52;;11;No;WPA2,AES-CCM;No;54.0;0;553;0;0;0;0;0;;;Sat Nov 16 19:31:24 2019;Sat Nov 16 19:50:44 2019;-84;0;0;0.000000;0.000000;0.000000;0.000000;0.000000;0.000000;0.000000;0.000000;0.000000;0.000000;0.000000;0;0;0.0.0.0;
136;infrastructure;;44:1C:12:19:F9:8A;;1;No;WPA2,AES-CCM;No;54.0;0;4;0;0;0;0;0;;;Sat Nov 16 19:32:52 2019;Sat Nov 16 19:50:47 2019;-83;0;0;0.000000;0.000000;0.000000;0.000000;0.000000;0.000000;0.000000;0.000000;0.000000;0.000000;0.000000;0;0;0.0.0.0;
137;infrastructure;TELUS2884;FC:2B:B2:C5:6E:32;;11;No;WPA2,AES-CCM;No;54.0;0;40;0;1;0;0;1;;;Sat Nov 16 19:32:09 2019;Sat Nov 16 19:50:48 2019;-83;0;0;0.000000;0.000000;0.000000;0.000000;0.000000;0.000000;0.000000;0.000000;0.000000;0.000000;0.000000;0;0;0.0.0.0;
138;infrastructure;dlink-07E7;58:D5:6E:D8:07:E8;;10;No;WPA2,AES-CCM,TKIP;No;54.0;0;112;0;0;0;0;0;;;Sat Nov 16 19:33:49 2019;Sat Nov 16 19:50:38 2019;-83;0;0;0.000000;0.000000;0.000000;0.000000;0.000000;0.000000;0.000000;0.000000;0.000000;0.000000;0.000000;0;0;0.0.0.0;
139;infrastructure;;70:03:7E:34:BD:58;;6;No;WPA2,AES-CCM;No;54.0;0;5;0;0;0;0;0;;;Sat Nov 16 19:49:48 2019;Sat Nov 16 19:50:32 2019;-83;0;0;0.000000;0.000000;0.000000;0.000000;0.000000;0.000000;0.000000;0.000000;0.000000;0.000000;0.000000;0;0;0.0.0.0;
140;infrastructure;Unit-305;B0:BE:76:D5:62:67;;6;No;WPA2,WPA,AES-CCM,TKIP;No;54.0;0;35;0;7;0;0;7;;;Sat Nov 16 19:35:03 2019;Sat Nov 16 19:50:43 2019;-82;0;0;0.000000;0.000000;0.000000;0.000000;0.000000;0.000000;0.000000;0.000000;0.000000;0.000000;0.000000;0;0;0.0.0.0;
141;infrastructure;TELUS1349;9C:1E:95:FD:07:22;;11;No;WPA2,AES-CCM;No;54.0;0;7;0;1;0;0;1;;;Sat Nov 16 19:43:57 2019;Sat Nov 16 19:50:42 2019;-82;0;0;0.000000;0.000000;0.000000;0.000000;0.000000;0.000000;0.000000;0.000000;0.000000;0.000000;0.000000;0;0;0.0.0.0;
142;infrastructure;TELUS4834;9C:1E:95:A0:A6:92;;11;No;WPA2,AES-CCM;No;54.0;0;368;0;34;0;0;34;;;Sat Nov 16 19:31:25 2019;Sat Nov 16 19:50:45 2019;-82;0;0;0.000000;0.000000;0.000000;0.000000;0.000000;0.000000;0.000000;0.000000;0.000000;0.000000;0.000000;0;0;0.0.0.0;
143;infrastructure;;70:03:7E:34:BD:5A;;6;No;WPA2,WPA,AES-CCM,TKIP;No;54.0;0;9;0;0;0;0;0;;;Sat Nov 16 19:45:15 2019;Sat Nov 16 19:50:46 2019;-82;0;0;0.000000;0.000000;0.000000;0.000000;0.000000;0.000000;0.000000;0.000000;0.000000;0.000000;0.000000;0;0;0.0.0.0;
144;infrastructure;ShawMobileHotspot;F8:1D:0F:6E:C6:39;;8;No;WPA2,AES-CCM;No;54.0;0;5;0;0;0;0;0;;;Sat Nov 16 19:35:26 2019;Sat Nov 16 19:50:33 2019;-82;0;0;0.000000;0.000000;0.000000;0.000000;0.000000;0.000000;0.000000;0.000000;0.000000;0.000000;0.000000;0;0;0.0.0.0;
145;infrastructure;HaCKER;10:DA:43:C9:75:EC;;8;No;WPA2,AES-CCM;No;54.0;0;55;0;0;0;0;0;;;Sat Nov 16 19:33:44 2019;Sat Nov 16 19:50:44 2019;-82;0;0;0.000000;0.000000;0.000000;0.000000;0.000000;0.000000;0.000000;0.000000;0.000000;0.000000;0.000000;0;0;0.0.0.0;
146;infrastructure;RT-AC1200_F8_2G;38:D5:47:C3:62:F8;;11;No;WPA2,AES-CCM;No;54.0;0;3;0;0;0;0;0;;;Sat Nov 16 19:35:58 2019;Sat Nov 16 19:50:35 2019;-82;0;0;0.000000;0.000000;0.000000;0.000000;0.000000;0.000000;0.000000;0.000000;0.000000;0.000000;0.000000;0;0;0.0.0.0;
147;infrastructure;TELUS3571;9C:1E:95:33:F0:42;;11;No;WPA2,AES-CCM;No;54.0;0;130;0;8;0;0;8;;;Sat Nov 16 19:31:53 2019;Sat Nov 16 19:50:48 2019;-82;0;0;0.000000;0.000000;0.000000;0.000000;0.000000;0.000000;0.000000;0.000000;0.000000;0.000000;0.000000;0;0;0.0.0.0;
148;infrastructure;TELUS1532;9C:1E:95:3D:ED:F2;;11;No;WPA2,AES-CCM;No;54.0;0;50;0;44;0;0;44;;;Sat Nov 16 19:34:44 2019;Sat Nov 16 19:50:46 2019;-82;0;0;0.000000;0.000000;0.000000;0.000000;0.000000;0.000000;0.000000;0.000000;0.000000;0.000000;0.000000;0;0;0.0.0.0;
149;infrastructure;CalgaryTower;10:78:5B:C2:37:62;;11;No;WPA2,AES-CCM;No;54.0;0;627;0;58;0;0;58;;;Sat Nov 16 19:31:24 2019;Sat Nov 16 19:50:45 2019;-82;0;0;0.000000;0.000000;0.000000;0.000000;0.000000;0.000000;0.000000;0.000000;0.000000;0.000000;0.000000;0;0;0.0.0.0;
150;infrastructure;;70:03:7E:CF:AC:A0;;6;No;WPA2,AES-CCM;No;54.0;0;175;0;0;0;0;0;;;Sat Nov 16 19:31:31 2019;Sat Nov 16 19:50:46 2019;-82;0;0;0.000000;0.000000;0.000000;0.000000;0.000000;0.000000;0.000000;0.000000;0.000000;0.000000;0.000000;0;0;0.0.0.0;
151;infrastructure;NicoHouse;64:77:7D:AF:7A:D8;;11;No;WPA2,AES-CCM,TKIP;No;54.0;0;244;0;169;0;0;169;;;Sat Nov 16 19:31:25 2019;Sat Nov 16 19:50:47 2019;-82;0;0;0.000000;0.000000;0.000000;0.000000;0.000000;0.000000;0.000000;0.000000;0.000000;0.000000;0.000000;0;0;0.0.0.0;
152;infrastructure;TELUS1794;FC:2B:B2:C3:B8:12;;11;No;WPA2,AES-CCM;No;54.0;0;565;0;706;0;0;706;;;Sat Nov 16 19:31:25 2019;Sat Nov 16 19:50:48 2019;-81;0;0;0.000000;0.000000;0.000000;0.000000;0.000000;0.000000;0.000000;0.000000;0.000000;0.000000;0.000000;0;0;0.0.0.0;
153;infrastructure;ShawMobileHotspot;90:50:CA:4B:70:89;;1;No;WPA2,AES-CCM;No;54.0;0;78;0;1;0;0;1;;;Sat Nov 16 19:32:26 2019;Sat Nov 16 19:50:43 2019;-81;0;0;0.000000;0.000000;0.000000;0.000000;0.000000;0.000000;0.000000;0.000000;0.000000;0.000000;0.000000;0;0;0.0.0.0;
154;infrastructure;;70:03:7E:34:BD:56;;6;No;WPA2,AES-CCM;No;54.0;0;16;0;0;0;0;0;;;Sat Nov 16 19:44:53 2019;Sat Nov 16 19:50:46 2019;-81;0;0;0.000000;0.000000;0.000000;0.000000;0.000000;0.000000;0.000000;0.000000;0.000000;0.000000;0.000000;0;0;0.0.0.0;
155;infrastructure;This isn't your wifi;70:03:7E:34:BD:55;;6;No;WPA2,AES-CCM;No;54.0;0;14;0;0;0;0;0;;;Sat Nov 16 19:44:53 2019;Sat Nov 16 19:50:46 2019;-81;0;0;0.000000;0.000000;0.000000;0.000000;0.000000;0.000000;0.000000;0.000000;0.000000;0.000000;0.000000;0;0;0.0.0.0;
156;infrastructure;;70:03:7E:CF:AC:A2;;6;No;WPA2,AES-CCM;No;54.0;0;184;0;0;0;0;0;;;Sat Nov 16 19:31:42 2019;Sat Nov 16 19:50:46 2019;-81;0;0;0.000000;0.000000;0.000000;0.000000;0.000000;0.000000;0.000000;0.000000;0.000000;0.000000;0.000000;0;0;0.0.0.0;
157;infrastructure;Hansoti 2.4;70:03:7E:CF:AC:9F;;6;No;WPA2,AES-CCM;No;54.0;0;142;0;0;0;0;0;;;Sat Nov 16 19:31:49 2019;Sat Nov 16 19:50:46 2019;-81;0;0;0.000000;0.000000;0.000000;0.000000;0.000000;0.000000;0.000000;0.000000;0.000000;0.000000;0.000000;0;0;0.0.0.0;
158;infrastructure;ShawMobileHotspot;90:50:CA:4C:8D:C9;;1;No;WPA2,AES-CCM;No;54.0;0;143;0;0;0;0;0;;;Sat Nov 16 19:31:43 2019;Sat Nov 16 19:50:47 2019;-80;0;0;0.000000;0.000000;0.000000;0.000000;0.000000;0.000000;0.000000;0.000000;0.000000;0.000000;0.000000;0;0;0.0.0.0;
159;infrastructure;blizzard;70:6D:15:07:F1:50;;11;No;WPA2,AES-CCM;No;54.0;0;578;0;0;0;0;0;;;Sat Nov 16 19:31:25 2019;Sat Nov 16 19:50:48 2019;-80;0;0;0.000000;0.000000;0.000000;0.000000;0.000000;0.000000;0.000000;0.000000;0.000000;0.000000;0.000000;0;0;0.0.0.0;
160;infrastructure;Shaw-8740;44:1C:12:37:78:5D;;1;No;WPA2,AES-CCM;No;54.0;0;38;0;0;0;0;0;;;Sat Nov 16 19:31:32 2019;Sat Nov 16 19:50:29 2019;-80;0;0;0.000000;0.000000;0.000000;0.000000;0.000000;0.000000;0.000000;0.000000;0.000000;0.000000;0.000000;0;0;0.0.0.0;
161;infrastructure;TELUS4148;FC:2B:B2:B7:CF:92;;11;No;WPA2,AES-CCM;No;54.0;0;118;0;106;0;0;106;;;Sat Nov 16 19:31:25 2019;Sat Nov 16 19:50:49 2019;-81;0;0;0.000000;0.000000;0.000000;0.000000;0.000000;0.000000;0.000000;0.000000;0.000000;0.000000;0.000000;0;0;0.0.0.0;
162;infrastructure;BFVL;68:FF:7B:FB:E2:1F;;4;No;WPA2,AES-CCM,TKIP;No;54.0;0;273;0;30;0;0;30;;;Sat Nov 16 19:31:26 2019;Sat Nov 16 19:50:45 2019;-80;0;0;0.000000;0.000000;0.000000;0.000000;0.000000;0.000000;0.000000;0.000000;0.000000;0.000000;0.000000;0;0;0.0.0.0;
163;infrastructure;SHAW-7094A0;F8:1D:0F:70:94:A8;;1;No;WPA2,AES-CCM,TKIP;No;54.0;0;176;0;79;0;0;79;;;Sat Nov 16 19:31:39 2019;Sat Nov 16 19:50:47 2019;-80;0;0;0.000000;0.000000;0.000000;0.000000;0.000000;0.000000;0.000000;0.000000;0.000000;0.000000;0.000000;0;0;0.0.0.0;
164;infrastructure;;BC:9B:68:0E:01:2D;;1;No;WPA2,AES-CCM;No;54.0;0;105;0;0;0;0;0;;;Sat Nov 16 19:31:32 2019;Sat Nov 16 19:50:47 2019;-79;0;0;0.000000;0.000000;0.000000;0.000000;0.000000;0.000000;0.000000;0.000000;0.000000;0.000000;0.000000;0;0;0.0.0.0;
165;infrastructure;SHAW-1A5E90;AC:20:2E:1A:5E:98;;6;No;WPA2,AES-CCM;No;54.0;0;75;0;0;0;0;0;;;Sat Nov 16 19:31:31 2019;Sat Nov 16 19:50:43 2019;-79;0;0;0.000000;0.000000;0.000000;0.000000;0.000000;0.000000;0.000000;0.000000;0.000000;0.000000;0.000000;0;0;0.0.0.0;
166;infrastructure;;44:1C:12:19:F9:88;;1;No;WPA2,AES-CCM;No;54.0;0;5;0;0;0;0;0;;;Sat Nov 16 19:31:57 2019;Sat Nov 16 19:50:47 2019;-79;0;0;0.000000;0.000000;0.000000;0.000000;0.000000;0.000000;0.000000;0.000000;0.000000;0.000000;0.000000;0;0;0.0.0.0;
167;infrastructure;TELUS3288;FC:2B:B2:C5:87:72;;11;No;WPA2,AES-CCM;No;54.0;0;735;0;36;0;0;36;;;Sat Nov 16 19:31:25 2019;Sat Nov 16 19:50:48 2019;-80;0;0;0.000000;0.000000;0.000000;0.000000;0.000000;0.000000;0.000000;0.000000;0.000000;0.000000;0.000000;0;0;0.0.0.0;
168;infrastructure;SHAW-4C8DC0;90:50:CA:4C:8D:C8;;1;No;WPA2,AES-CCM,TKIP;No;54.0;0;173;0;58;0;0;58;;;Sat Nov 16 19:31:28 2019;Sat Nov 16 19:50:47 2019;-79;0;0;0.000000;0.000000;0.000000;0.000000;0.000000;0.000000;0.000000;0.000000;0.000000;0.000000;0.000000;0;0;0.0.0.0;
169;infrastructure;Tobias;9C:1E:95:85:5D:92;;11;No;WPA2,AES-CCM;No;54.0;0;320;0;220;0;0;220;;;Sat Nov 16 19:31:25 2019;Sat Nov 16 19:50:49 2019;-79;0;0;0.000000;0.000000;0.000000;0.000000;0.000000;0.000000;0.000000;0.000000;0.000000;0.000000;0.000000;0;0;0.0.0.0;
170;infrastructure;;BC:9B:68:0E:01:31;;1;No;WPA2,WPA,AES-CCM,TKIP;No;54.0;0;136;0;0;0;0;0;;;Sat Nov 16 19:31:32 2019;Sat Nov 16 19:50:47 2019;-79;0;0;0.000000;0.000000;0.000000;0.000000;0.000000;0.000000;0.000000;0.000000;0.000000;0.000000;0.000000;0;0;0.0.0.0;
171;infrastructure;;70:03:7E:CF:AC:A4;;6;No;WPA2,WPA,AES-CCM,TKIP;No;54.0;0;170;0;0;0;0;0;;;Sat Nov 16 19:31:31 2019;Sat Nov 16 19:50:46 2019;-78;0;0;0.000000;0.000000;0.000000;0.000000;0.000000;0.000000;0.000000;0.000000;0.000000;0.000000;0.000000;0;0;0.0.0.0;
172;infrastructure;SHAW-E42E10;BC:4D:FB:E4:2E:18;;1;No;WPA2,AES-CCM;No;54.0;0;255;0;0;0;0;0;;;Sat Nov 16 19:31:28 2019;Sat Nov 16 19:50:32 2019;-78;0;0;0.000000;0.000000;0.000000;0.000000;0.000000;0.000000;0.000000;0.000000;0.000000;0.000000;0.000000;0;0;0.0.0.0;
173;infrastructure;TELUS0944-2.4G;9C:1E:95:ED:14:92;;11;No;WPA2,AES-CCM;No;54.0;0;402;0;36;0;0;36;;;Sat Nov 16 19:31:24 2019;Sat Nov 16 19:50:46 2019;-78;0;0;0.000000;0.000000;0.000000;0.000000;0.000000;0.000000;0.000000;0.000000;0.000000;0.000000;0.000000;0;0;0.0.0.0;
174;infrastructure;TELUS4191;FC:2B:B2:CF:97:E2;;11;No;WPA2,AES-CCM;No;54.0;0;494;0;107;0;0;107;;;Sat Nov 16 19:31:45 2019;Sat Nov 16 19:50:48 2019;-78;0;0;0.000000;0.000000;0.000000;0.000000;0.000000;0.000000;0.000000;0.000000;0.000000;0.000000;0.000000;0;0;0.0.0.0;
175;infrastructure;TELUS2986;FC:2B:B2:BC:72:F2;;11;No;WPA2,AES-CCM;No;54.0;0;669;0;112;0;0;112;;;Sat Nov 16 19:31:24 2019;Sat Nov 16 19:50:43 2019;-78;0;0;0.000000;0.000000;0.000000;0.000000;0.000000;0.000000;0.000000;0.000000;0.000000;0.000000;0.000000;0;0;0.0.0.0;
176;infrastructure;Fivenines;DC:EB:69:9B:B7:08;;1;No;WPA2,AES-CCM;No;54.0;0;247;0;28;0;0;28;;;Sat Nov 16 19:31:32 2019;Sat Nov 16 19:50:47 2019;-77;0;0;0.000000;0.000000;0.000000;0.000000;0.000000;0.000000;0.000000;0.000000;0.000000;0.000000;0.000000;0;0;0.0.0.0;
177;infrastructure;;DC:EB:69:9B:B7:09;;1;No;WPA2,AES-CCM;No;54.0;0;244;0;0;0;0;0;;;Sat Nov 16 19:31:43 2019;Sat Nov 16 19:50:47 2019;-77;0;0;0.000000;0.000000;0.000000;0.000000;0.000000;0.000000;0.000000;0.000000;0.000000;0.000000;0.000000;0;0;0.0.0.0;
178;infrastructure;SHAW-4B7080;90:50:CA:4B:70:88;;1;No;WPA2,AES-CCM,TKIP;No;54.0;0;171;0;0;0;0;0;;;Sat Nov 16 19:31:39 2019;Sat Nov 16 19:50:32 2019;-76;0;0;0.000000;0.000000;0.000000;0.000000;0.000000;0.000000;0.000000;0.000000;0.000000;0.000000;0.000000;0;0;0.0.0.0;
179;infrastructure;;DC:EB:69:9B:B7:0D;;1;No;WPA2,WPA,AES-CCM,TKIP;No;54.0;0;266;0;0;0;0;0;;;Sat Nov 16 19:31:39 2019;Sat Nov 16 19:50:47 2019;-76;0;0;0.000000;0.000000;0.000000;0.000000;0.000000;0.000000;0.000000;0.000000;0.000000;0.000000;0.000000;0;0;0.0.0.0;
180;infrastructure;TELUS5311;9C:1E:95:8C:00:B2;;11;No;WPA2,AES-CCM;No;54.0;0;92;0;38;0;0;38;;;Sat Nov 16 19:34:06 2019;Sat Nov 16 19:50:43 2019;-74;0;0;0.000000;0.000000;0.000000;0.000000;0.000000;0.000000;0.000000;0.000000;0.000000;0.000000;0.000000;0;0;0.0.0.0;
181;infrastructure;ShawMobileHotspot;F0:F2:49:AF:50:39;;6;No;WPA2,AES-CCM;No;54.0;0;143;0;0;0;0;0;;;Sat Nov 16 19:31:31 2019;Sat Nov 16 19:50:46 2019;-74;0;0;0.000000;0.000000;0.000000;0.000000;0.000000;0.000000;0.000000;0.000000;0.000000;0.000000;0.000000;0;0;0.0.0.0;
182;infrastructure;TELUS9250;00:26:B8:F5:46:E8;;11;No;WPA2,WPA,AES-CCM,TKIP;No;54.0;0;1383;0;46;0;0;46;;;Sat Nov 16 19:31:24 2019;Sat Nov 16 19:50:48 2019;-74;0;0;0.000000;0.000000;0.000000;0.000000;0.000000;0.000000;0.000000;0.000000;0.000000;0.000000;0.000000;0;0;0.0.0.0;
183;infrastructure;;DC:EB:69:9B:B7:0B;;1;No;WPA2,AES-CCM;No;54.0;0;157;0;0;0;0;0;;;Sat Nov 16 19:33:17 2019;Sat Nov 16 19:50:47 2019;-74;0;0;0.000000;0.000000;0.000000;0.000000;0.000000;0.000000;0.000000;0.000000;0.000000;0.000000;0.000000;0;0;0.0.0.0;
184;infrastructure;TELUS2653;9C:1E:95:16:1A:22;;11;No;WPA2,AES-CCM;No;54.0;0;1081;0;144;0;0;144;;;Sat Nov 16 19:31:25 2019;Sat Nov 16 19:50:48 2019;-72;0;0;0.000000;0.000000;0.000000;0.000000;0.000000;0.000000;0.000000;0.000000;0.000000;0.000000;0.000000;0;0;0.0.0.0;
185;infrastructure;SHAW-AF5030;F0:F2:49:AF:50:38;;6;No;WPA2,AES-CCM,TKIP;No;54.0;0;139;0;0;0;0;0;;;Sat Nov 16 19:31:46 2019;Sat Nov 16 19:50:46 2019;-73;0;0;0.000000;0.000000;0.000000;0.000000;0.000000;0.000000;0.000000;0.000000;0.000000;0.000000;0.000000;0;0;0.0.0.0;
186;infrastructure;NETGEAR10;9C:3D:CF:49:83:27;;4;No;WPA2,AES-CCM;No;54.0;0;268;0;2;0;0;2;;;Sat Nov 16 19:31:26 2019;Sat Nov 16 19:50:49 2019;-73;0;0;0.000000;0.000000;0.000000;0.000000;0.000000;0.000000;0.000000;0.000000;0.000000;0.000000;0.000000;0;0;0.0.0.0;
187;infrastructure;TELUS0184-2.4G;70:F1:96:47:B6:72;;1;No;WPA2,AES-CCM;No;54.0;0;259;0;5;0;0;5;;;Sat Nov 16 19:31:32 2019;Sat Nov 16 19:50:47 2019;-73;0;0;0.000000;0.000000;0.000000;0.000000;0.000000;0.000000;0.000000;0.000000;0.000000;0.000000;0.000000;0;0;0.0.0.0;
188;infrastructure;;DA:31:34:83:D3:79;;11;No;WPA2,AES-CCM;No;54.0;0;813;0;0;0;0;0;;;Sat Nov 16 19:31:25 2019;Sat Nov 16 19:50:48 2019;-74;0;0;0.000000;0.000000;0.000000;0.000000;0.000000;0.000000;0.000000;0.000000;0.000000;0.000000;0.000000;0;0;0.0.0.0;
189;infrastructure;SHAW-E9DB84;00:71:C2:FF:D0:28;;1;No;WPA2,WPA,AES-CCM,TKIP;No;54.0;0;252;0;2;0;0;2;;;Sat Nov 16 19:31:28 2019;Sat Nov 16 19:50:47 2019;-72;0;0;0.000000;0.000000;0.000000;0.000000;0.000000;0.000000;0.000000;0.000000;0.000000;0.000000;0.000000;0;0;0.0.0.0;
190;infrastructure;DIRECT-22-HP OfficeJet 5200;9E:7B:EF:FA:20:22;;6;No;WPA2,AES-CCM;No;54.0;0;248;0;0;0;0;0;;;Sat Nov 16 19:31:27 2019;Sat Nov 16 19:50:46 2019;-72;0;0;0.000000;0.000000;0.000000;0.000000;0.000000;0.000000;0.000000;0.000000;0.000000;0.000000;0.000000;0;0;0.0.0.0;
191;infrastructure;SHAW-D9B940;00:FC:8D:D9:B9:48;;6;No;WPA2,AES-CCM;No;54.0;0;182;0;0;0;0;0;;;Sat Nov 16 19:31:46 2019;Sat Nov 16 19:50:43 2019;-71;0;0;0.000000;0.000000;0.000000;0.000000;0.000000;0.000000;0.000000;0.000000;0.000000;0.000000;0.000000;0;0;0.0.0.0;
192;infrastructure;TELUS0661;10:78:5B:EB:A0:02;;11;No;WPA2,AES-CCM;No;54.0;0;434;0;45;0;0;45;;;Sat Nov 16 19:31:28 2019;Sat Nov 16 19:50:48 2019;-70;0;0;0.000000;0.000000;0.000000;0.000000;0.000000;0.000000;0.000000;0.000000;0.000000;0.000000;0.000000;0;0;0.0.0.0;
193;infrastructure;TP-LINK_55E0;98:DA:C4:58:55:DF;;6;No;WPA2,AES-CCM;No;54.0;0;228;0;11;0;0;11;;;Sat Nov 16 19:31:31 2019;Sat Nov 16 19:50:46 2019;-70;0;0;0.000000;0.000000;0.000000;0.000000;0.000000;0.000000;0.000000;0.000000;0.000000;0.000000;0.000000;0;0;0.0.0.0;
194;infrastructure;TELUS0358-2.4G;70:F1:96:91:CC:32;;11;No;WPA2,AES-CCM;No;54.0;0;549;0;126;0;0;126;;;Sat Nov 16 19:31:28 2019;Sat Nov 16 19:50:46 2019;-69;0;0;0.000000;0.000000;0.000000;0.000000;0.000000;0.000000;0.000000;0.000000;0.000000;0.000000;0.000000;0;0;0.0.0.0;
195;infrastructure;TELUS6365;9C:1E:95:E6:33:42;;11;No;WPA2,AES-CCM;No;54.0;0;1027;0;320;0;0;320;;;Sat Nov 16 19:31:24 2019;Sat Nov 16 19:50:49 2019;-67;0;0;0.000000;0.000000;0.000000;0.000000;0.000000;0.000000;0.000000;0.000000;0.000000;0.000000;0.000000;0;0;0.0.0.0;
196;infrastructure;TELUS6632;9C:1E:95:86:94:C2;;11;No;WPA2,AES-CCM;No;54.0;0;1058;0;245;0;0;245;;;Sat Nov 16 19:31:25 2019;Sat Nov 16 19:50:49 2019;-66;0;0;0.000000;0.000000;0.000000;0.000000;0.000000;0.000000;0.000000;0.000000;0.000000;0.000000;0.000000;0;0;0.0.0.0;
197;infrastructure;Liam;B0:BE:76:79:65:CF;;11;No;WPA2,AES-CCM,TKIP;No;54.0;0;1395;0;100;0;0;100;;;Sat Nov 16 19:31:25 2019;Sat Nov 16 19:50:49 2019;-66;0;0;0.000000;0.000000;0.000000;0.000000;0.000000;0.000000;0.000000;0.000000;0.000000;0.000000;0.000000;0;0;0.0.0.0;
198;infrastructure;NETGEAR64;10:DA:43:C9:64:43;;8;No;WPA2,AES-CCM;No;54.0;0;536;0;16;0;0;16;;;Sat Nov 16 19:31:27 2019;Sat Nov 16 19:50:44 2019;-62;0;0;0.000000;0.000000;0.000000;0.000000;0.000000;0.000000;0.000000;0.000000;0.000000;0.000000;0.000000;0;0;0.0.0.0;
199;infrastructure;12345-2.4G;9C:1E:95:96:8D:32;;11;No;WPA2,WPA,AES-CCM,TKIP;No;54.0;0;882;0;502;0;0;502;;;Sat Nov 16 19:31:24 2019;Sat Nov 16 19:50:49 2019;-62;0;0;0.000000;0.000000;0.000000;0.000000;0.000000;0.000000;0.000000;0.000000;0.000000;0.000000;0.000000;0;0;0.0.0.0;
200;infrastructure;A409F8;A0:63:91:A4:09:F8;;6;No;WPA2,WPA,AES-CCM,TKIP;No;54.0;0;477;0;12;0;0;12;;;Sat Nov 16 19:31:27 2019;Sat Nov 16 19:50:46 2019;-58;0;0;0.000000;0.000000;0.000000;0.000000;0.000000;0.000000;0.000000;0.000000;0.000000;0.000000;0.000000;0;0;0.0.0.0;
201;infrastructure;NETGEAR09;A0:40:A0:98:7E:61;;3;No;WPA2,AES-CCM;No;54.0;0;547;0;5;0;0;5;;;Sat Nov 16 19:31:26 2019;Sat Nov 16 19:50:48 2019;-56;0;0;0.000000;0.000000;0.000000;0.000000;0.000000;0.000000;0.000000;0.000000;0.000000;0.000000;0.000000;0;0;0.0.0.0;
202;infrastructure;;FA:8F:CA:3C:B1:03;;11;No;OPN,None;No;54.0;0;1433;0;0;0;0;0;;;Sat Nov 16 19:31:24 2019;Sat Nov 16 19:50:49 2019;-51;0;0;0.000000;0.000000;0.000000;0.000000;0.000000;0.000000;0.000000;0.000000;0.000000;0.000000;0.000000;0;0;0.0.0.0;
203;infrastructure;TELUS1418;9C:1E:95:24:A2:32;;11;No;WPA2,AES-CCM;No;54.0;0;1351;0;384;0;0;384;;;Sat Nov 16 19:31:24 2019;Sat Nov 16 19:50:49 2019;-51;0;0;0.000000;0.000000;0.000000;0.000000;0.000000;0.000000;0.000000;0.000000;0.000000;0.000000;0.000000;0;0;0.0.0.0;
204;infrastructure;;FA:8F:CA:54:CE:D9;;6;No;OPN,None;No;54.0;0;418;0;0;0;0;0;;;Sat Nov 16 19:31:31 2019;Sat Nov 16 19:50:49 2019;-48;0;0;0.000000;0.000000;0.000000;0.000000;0.000000;0.000000;0.000000;0.000000;0.000000;0.000000;0.000000;0;0;0.0.0.0;
205;infrastructure;Almass;28:C6:8E:A2:52:49;;11;No;WPA2,AES-CCM;No;54.0;0;1286;0;369;0;0;369;;;Sat Nov 16 19:31:24 2019;Sat Nov 16 19:50:48 2019;-46;0;0;0.000000;0.000000;0.000000;0.000000;0.000000;0.000000;0.000000;0.000000;0.000000;0.000000;0.000000;0;0;0.0.0.0;
206;infrastructure;TELUS4200-2.4G;70:F1:96:5D:DB:32;;11;No;WPA2,AES-CCM;No;54.0;0;1375;0;390;0;0;390;;;Sat Nov 16 19:31:25 2019;Sat Nov 16 19:50:48 2019;-46;0;0;0.000000;0.000000;0.000000;0.000000;0.000000;0.000000;0.000000;0.000000;0.000000;0.000000;0.000000;0;0;0.0.0.0;
207;infrastructure;Router2.4;70:F1:96:57:3C:A2;;11;No;WPA2,AES-CCM;No;54.0;0;1470;0;1212;0;0;1212;;;Sat Nov 16 19:31:25 2019;Sat Nov 16 19:50:49 2019;-45;0;0;0.000000;0.000000;0.000000;0.000000;0.000000;0.000000;0.000000;0.000000;0.000000;0.000000;0.000000;0;0;0.0.0.0;
